url,label
https://www.google.com,0
https://www.microsoft.com,0
https://www.apple.com,0
https://www.amazon.com,0
https://www.wikipedia.org,0
https://www.github.com,0
https://www.linkedin.com,0
https://www.instagram.com,0
https://www.paypal.com,0
https://www.netflix.com,0
https://www.dropbox.com,0
https://www.docusign.com,0
https://www.mozilla.org,0
https://www.python.org,0
https://www.ibm.com,0
https://www.cloudflare.com,0
https://www.nasa.gov,0
https://www.bbc.com,0
https://www.cnn.com,0
https://www.reddit.com,0
https://www.openstreetmap.org,0
https://www.stackoverflow.com,0
https://www.khanacademy.org,0
https://www.coursera.org,0
https://www.edx.org,0
https://www.medium.com,0
https://www.canva.com,0
https://www.zoom.us,0
https://www.slack.com,0
https://www.adobe.com,0
https://docs.google.com/document/d/123,0
https://support.microsoft.com/en-us,0
https://developer.mozilla.org/en-US/docs,0
https://docs.python.org/3/,0
https://github.com/features/actions,0
https://www.amazon.com/shop/books,0
https://www.paypal.com/us/home,0
https://www.apple.com/iphone/,0
https://www.microsoft.com/en-us/windows,0
https://www.google.com/search?q=security,0
https://www.reddit.com/r/cybersecurity/,0
https://www.nasa.gov/missions/,0
https://www.cloudflare.com/learning/security/,0
https://www.cisco.com/c/en/us/products/security/,0
https://www.ibm.com/security,0
https://www.oracle.com/cloud/security/,0
https://www.tesla.com/,0
https://www.samsung.com/us/,0
https://www.sony.com/en/,0
https://www.spotify.com/us/,0
https://www.nike.com/,0
https://www.adidas.com/,0
https://www.airbnb.com/,0
https://www.booking.com/,0
https://www.uber.com/,0
https://www.microsoft.com/en-us/login-help,0
http://microsoft-account-verify.example.test/login,1
http://microsoft-security-check.example.test/verify,1
http://microsoft-login-confirm.example.test/account,1
http://apple-id-verify.example.test/login,1
http://apple-account-secure.example.test/confirm,1
http://paypal-login-verify.example.test/signin,1
http://paypal-security-alert.example.test/account,1
http://amazon-account-verify.example.test/login,1
http://amazon-billing-confirm.example.test/payment,1
http://google-account-verify.example.test/login,1
http://google-security-alert.example.test/confirm,1
http://netflix-billing-update.example.test/account,1
http://docusign-document-verify.example.test/view,1
http://github-security-check.example.test/login,1
http://instagram-verify-account.example.test/login,1
http://linkedin-authentication.example.test/signin,1
http://secure-account-verify.example.test/login,1
http://urgent-password-reset.example.test/update,1
http://payment-confirmation.example.test/billing,1
http://account-unlock-support.example.test/verify,1
http://login-security-check.example.test/authenticate,1
http://secure-wallet-confirm.example.test/login,1
http://verify-user-payment.example.test/confirm,1
http://192.168.1.10/login,1
http://10.10.20.5/secure/account,1
http://172.16.0.9/verify,1
http://203.0.113.15/account/login,1
http://198.51.100.23/payment/confirm,1
http://example.test@paypal.com/login,1
http://google.com@198.51.100.23/verify,1
http://secure-login.example.test:8080/account,1
http://account-confirm.example.test:8443/login,1
http://xn--pple-43d.example.test/login,1
http://secure.example.test/update?account=verify&password=reset,1
http://login.example.test/confirm?session=12345678901234567890,1
http://verify.example.test/%2F%2Faccount%2Flogin,1
http://billing.example.test/account/payment/confirm?verify=true,1
http://support.example.test/security/account/unlock,1
http://update.example.test/urgent/verify/account,1
http://account.example.test/login/confirm/password/reset,1
http://secure-identity-check.example.test/authentication/verify,1
http://amazon.support.example.test/login,1
http://paypal.support.example.test/signin,1
http://google.support.example.test/verify,1
http://microsoft.support.example.test/account,1
http://apple.support.example.test/id/confirm,1
http://secure-login-check.example.test/a/b/c/d/e/f/g/h/i/j/k,1
http://verify-user.example.test/?a=1&b=2&c=3&d=4&e=5&f=6,1
http://account-confirm.example.test/login?password=1234567890&token=abcdef,1
http://payment-support.example.test/billing/update/confirm,1
http://security-alert.example.test/account/signin,1
http://mfa-reset.example.test/authenticate,1
http://credential-verification.example.test/login,1
http://wallet-recovery.example.test/verify,1
http://gift-claim.example.test/account/confirm,1
http://invoice-payment.example.test/secure/login,1
